{"id":"a5bee137-e24b-11f0-b852-7e0c15c48c67","name":"Insolvency App","key":"insolvencyApp","description":"","editorJson":{"models":[{"id":"2bdda37a-e24d-11f0-b852-7e0c15c48c67","name":"L2: Filing - Prepare and Submit Filing to OSB","version":1,"modelType":0,"description":"","stencilSetId":null,"createdBy":"admin","lastUpdatedBy":"admin","lastUpdated":"2025-12-26T11:22:38.285+0000"},{"id":"cbedec85-e24a-11f0-b852-7e0c15c48c67","name":"L3: Bankruptcy - Trustee Administrative Completion","version":1,"modelType":0,"description":"","stencilSetId":null,"createdBy":"admin","lastUpdatedBy":"admin","lastUpdated":"2025-12-26T11:05:42.000+0000"},{"id":"c732d574-e24a-11f0-b852-7e0c15c48c67","name":"L3: Proposal - Trustee Administrative Release","version":1,"modelType":0,"description":"","stencilSetId":null,"createdBy":"admin","lastUpdatedBy":"admin","lastUpdated":"2025-12-26T11:05:27.517+0000"},{"id":"c1b22473-e24a-11f0-b852-7e0c15c48c67","name":"L3: Closure - Trust Funds Finalization","version":1,"modelType":0,"description":"","stencilSetId":null,"createdBy":"admin","lastUpdatedBy":"admin","lastUpdated":"2025-12-26T11:05:18.138+0000"},{"id":"bd178db2-e24a-11f0-b852-7e0c15c48c67","name":"L3: Post-Filing - Secure Trustee’s Interest","version":1,"modelType":0,"description":"","stencilSetId":null,"createdBy":"admin","lastUpdatedBy":"admin","lastUpdated":"2025-12-26T11:05:09.936+0000"},{"id":"b7846621-e24a-11f0-b852-7e0c15c48c67","name":"L3: Receivership - Receivership Secure and Protect Assets","version":1,"modelType":0,"description":"","stencilSetId":null,"createdBy":"admin","lastUpdatedBy":"admin","lastUpdated":"2025-12-26T11:05:02.062+0000"},{"id":"b10d4730-e24a-11f0-b852-7e0c15c48c67","name":"L3: Receivership - Receivership Reporting","version":1,"modelType":0,"description":"","stencilSetId":null,"createdBy":"admin","lastUpdatedBy":"admin","lastUpdated":"2025-12-26T11:04:50.473+0000"},{"id":"ace9dc3f-e24a-11f0-b852-7e0c15c48c67","name":"L3: Receivership - Receivership Realization Strategy","version":1,"modelType":0,"description":"","stencilSetId":null,"createdBy":"admin","lastUpdatedBy":"admin","lastUpdated":"2025-12-26T11:04:42.853+0000"},{"id":"a618dd7e-e24a-11f0-b852-7e0c15c48c67","name":"L2: Receivership - Receivership Administration","version":1,"modelType":0,"description":"","stencilSetId":null,"createdBy":"admin","lastUpdatedBy":"admin","lastUpdated":"2025-12-26T11:04:33.565+0000"},{"id":"9e329e2d-e24a-11f0-b852-7e0c15c48c67","name":"L3: Receivership - Receivership Material Adverse Change Response","version":1,"modelType":0,"description":"","stencilSetId":null,"createdBy":"admin","lastUpdatedBy":"admin","lastUpdated":"2025-12-26T11:04:19.779+0000"},{"id":"96e6a30c-e24a-11f0-b852-7e0c15c48c67","name":"L3: Receivership - Receivership Initial Assessment","version":1,"modelType":0,"description":"","stencilSetId":null,"createdBy":"admin","lastUpdatedBy":"admin","lastUpdated":"2025-12-26T11:04:06.698+0000"},{"id":"90eddbdb-e24a-11f0-b852-7e0c15c48c67","name":"L3: Receivership - Receivership Distributions and Trust Funds","version":1,"modelType":0,"description":"","stencilSetId":null,"createdBy":"admin","lastUpdatedBy":"admin","lastUpdated":"2025-12-26T11:03:55.682+0000"},{"id":"8a6de34a-e24a-11f0-b852-7e0c15c48c67","name":"L3: Receivership - Receivership Dispute Resolution","version":1,"modelType":0,"description":"","stencilSetId":null,"createdBy":"admin","lastUpdatedBy":"admin","lastUpdated":"2025-12-26T11:03:45.461+0000"},{"id":"8422dd69-e24a-11f0-b852-7e0c15c48c67","name":"L3: Receivership - Receivership Court Order Compliance","version":1,"modelType":0,"description":"","stencilSetId":null,"createdBy":"admin","lastUpdatedBy":"admin","lastUpdated":"2025-12-26T11:03:35.760+0000"},{"id":"7e7c54e8-e24a-11f0-b852-7e0c15c48c67","name":"L3: Receivership - Receivership Asset Realization","version":1,"modelType":0,"description":"","stencilSetId":null,"createdBy":"admin","lastUpdatedBy":"admin","lastUpdated":"2025-12-26T11:03:25.729+0000"},{"id":"70169237-e24a-11f0-b852-7e0c15c48c67","name":"L3: Proposal - Proposal Voting/Dispute Resolution","version":1,"modelType":0,"description":"","stencilSetId":null,"createdBy":"admin","lastUpdatedBy":"admin","lastUpdated":"2025-12-26T11:03:03.138+0000"},{"id":"69c6d166-e24a-11f0-b852-7e0c15c48c67","name":"L3: Post-Filing - Proposal Report to Creditors","version":1,"modelType":0,"description":"","stencilSetId":null,"createdBy":"admin","lastUpdatedBy":"admin","lastUpdated":"2025-12-26T11:02:50.381+0000"},{"id":"62956325-e24a-11f0-b852-7e0c15c48c67","name":"L2: Proposal - Proposal Administration","version":1,"modelType":0,"description":"","stencilSetId":null,"createdBy":"admin","lastUpdatedBy":"admin","lastUpdated":"2025-12-26T11:02:39.936+0000"},{"id":"5ca8a9e4-e24a-11f0-b852-7e0c15c48c67","name":"L3: Proposal - Proposal File Closure","version":1,"modelType":0,"description":"","stencilSetId":null,"createdBy":"admin","lastUpdatedBy":"admin","lastUpdated":"2025-12-26T11:02:28.813+0000"},{"id":"570ad3f3-e24a-11f0-b852-7e0c15c48c67","name":"L3: Proposal - Proposal Default Remedy","version":1,"modelType":0,"description":"","stencilSetId":null,"createdBy":"admin","lastUpdatedBy":"admin","lastUpdated":"2025-12-26T11:02:18.784+0000"},{"id":"51e6c1e2-e24a-11f0-b852-7e0c15c48c67","name":"L3: Proposal - Proposal Completion and Compliance","version":1,"modelType":0,"description":"","stencilSetId":null,"createdBy":"admin","lastUpdatedBy":"admin","lastUpdated":"2025-12-26T11:02:10.384+0000"},{"id":"4d947ec1-e24a-11f0-b852-7e0c15c48c67","name":"L3: Proposal - Proposal Amendment","version":1,"modelType":0,"description":"","stencilSetId":null,"createdBy":"admin","lastUpdatedBy":"admin","lastUpdated":"2025-12-26T11:02:02.879+0000"},{"id":"484eb3e0-e24a-11f0-b852-7e0c15c48c67","name":"L3: Proposal - Proposal Administration","version":1,"modelType":0,"description":"","stencilSetId":null,"createdBy":"admin","lastUpdatedBy":"admin","lastUpdated":"2025-12-26T11:01:54.323+0000"},{"id":"3f1d2fdf-e24a-11f0-b852-7e0c15c48c67","name":"L2: Pre-Filing - Advisory Financial Assessment","version":1,"modelType":0,"description":"","stencilSetId":null,"createdBy":"admin","lastUpdatedBy":"admin","lastUpdated":"2025-12-26T11:01:38.964+0000"},{"id":"39dd0a4e-e24a-11f0-b852-7e0c15c48c67","name":"L2: Post-Filing - Post-Filing Administration (Common Core)","version":1,"modelType":0,"description":"","stencilSetId":null,"createdBy":"admin","lastUpdatedBy":"admin","lastUpdated":"2025-12-26T11:01:30.104+0000"},{"id":"31535f0d-e24a-11f0-b852-7e0c15c48c67","name":"L3: Post-Filing - Meeting of Creditors","version":1,"modelType":0,"description":"","stencilSetId":null,"createdBy":"admin","lastUpdatedBy":"admin","lastUpdated":"2025-12-26T11:01:16.667+0000"},{"id":"2ccd61bc-e24a-11f0-b852-7e0c15c48c67","name":"L1: Master Insolvency Case Process","version":1,"modelType":0,"description":"","stencilSetId":null,"createdBy":"admin","lastUpdatedBy":"admin","lastUpdated":"2025-12-26T11:01:08.013+0000"},{"id":"1f7edb6a-e24a-11f0-b852-7e0c15c48c67","name":"L3: Closure - Late Matter Resolution","version":1,"modelType":0,"description":"","stencilSetId":null,"createdBy":"admin","lastUpdatedBy":"admin","lastUpdated":"2025-12-26T11:00:45.657+0000"},{"id":"1a5a5429-e24a-11f0-b852-7e0c15c48c67","name":"L3: Post-Filing - Issue Notice to Creditors","version":1,"modelType":0,"description":"","stencilSetId":null,"createdBy":"admin","lastUpdatedBy":"admin","lastUpdated":"2025-12-26T11:00:37.346+0000"},{"id":"141fa1f8-e24a-11f0-b852-7e0c15c48c67","name":"L3: Pre-Filing - Insolvency Education and Options Overview","version":1,"modelType":0,"description":"","stencilSetId":null,"createdBy":"admin","lastUpdatedBy":"admin","lastUpdated":"2025-12-26T11:00:27.045+0000"},{"id":"0e937f47-e24a-11f0-b852-7e0c15c48c67","name":"L3: Closure - Final Reporting and Filings","version":1,"modelType":0,"description":"","stencilSetId":null,"createdBy":"admin","lastUpdatedBy":"admin","lastUpdated":"2025-12-26T11:00:17.808+0000"},{"id":"02e366b5-e24a-11f0-b852-7e0c15c48c67","name":"L3: Pre-Filing - Disclosures and Acknowledgements","version":1,"modelType":0,"description":"","stencilSetId":null,"createdBy":"admin","lastUpdatedBy":"admin","lastUpdated":"2025-12-26T10:59:58.748+0000"},{"id":"fd2ead64-e249-11f0-b852-7e0c15c48c67","name":"L3: Bankruptcy - Discharge Dispute Resolution","version":1,"modelType":0,"description":"","stencilSetId":null,"createdBy":"admin","lastUpdatedBy":"admin","lastUpdated":"2025-12-26T10:59:48.536+0000"},{"id":"f72a9b93-e249-11f0-b852-7e0c15c48c67","name":"L3: Bankruptcy - Debtor Discharge Administration","version":1,"modelType":0,"description":"","stencilSetId":null,"createdBy":"admin","lastUpdatedBy":"admin","lastUpdated":"2025-12-26T10:59:38.464+0000"},{"id":"bc102522-e249-11f0-b852-7e0c15c48c67","name":"L3: Pre-Filing - Collect Financial Information","version":1,"modelType":0,"description":"","stencilSetId":null,"createdBy":"admin","lastUpdatedBy":"admin","lastUpdated":"2025-12-26T10:58:00.385+0000"},{"id":"b6a93db1-e249-11f0-b852-7e0c15c48c67","name":"L3: Closure - Closure Readiness Checks","version":1,"modelType":0,"description":"","stencilSetId":null,"createdBy":"admin","lastUpdatedBy":"admin","lastUpdated":"2025-12-26T10:57:49.973+0000"},{"id":"b18811d0-e249-11f0-b852-7e0c15c48c67","name":"L3: Post-Filing - Claims Validation","version":1,"modelType":0,"description":"","stencilSetId":null,"createdBy":"admin","lastUpdatedBy":"admin","lastUpdated":"2025-12-26T10:57:41.669+0000"},{"id":"ab4151af-e249-11f0-b852-7e0c15c48c67","name":"L2: Closure - Case Closure & Trustee Release","version":1,"modelType":0,"description":"","stencilSetId":null,"createdBy":"admin","lastUpdatedBy":"admin","lastUpdated":"2025-12-26T10:57:32.719+0000"},{"id":"9ad7a8ae-e249-11f0-b852-7e0c15c48c67","name":"L2: Bankruptcy - Bankruptcy Administration","version":1,"modelType":0,"description":"","stencilSetId":null,"createdBy":"admin","lastUpdatedBy":"admin","lastUpdated":"2025-12-26T10:57:09.359+0000"},{"id":"94be612d-e249-11f0-b852-7e0c15c48c67","name":"L3: Post-Filing - Bankruptcy Preliminary Report","version":1,"modelType":0,"description":"","stencilSetId":null,"createdBy":"admin","lastUpdatedBy":"admin","lastUpdated":"2025-12-26T10:56:53.409+0000"},{"id":"8ec01bbc-e249-11f0-b852-7e0c15c48c67","name":"L3: Bankruptcy - Bankruptcy File Closure","version":1,"modelType":0,"description":"","stencilSetId":null,"createdBy":"admin","lastUpdatedBy":"admin","lastUpdated":"2025-12-26T10:56:44.160+0000"},{"id":"8719cb9b-e249-11f0-b852-7e0c15c48c67","name":"L3: Post-Filing - Asset Valuation & Strategy","version":1,"modelType":0,"description":"","stencilSetId":null,"createdBy":"admin","lastUpdatedBy":"admin","lastUpdated":"2025-12-26T10:56:31.597+0000"},{"id":"816b05ba-e249-11f0-b852-7e0c15c48c67","name":"L3: Bankruptcy - Asset Realization","version":1,"modelType":0,"description":"","stencilSetId":null,"createdBy":"admin","lastUpdatedBy":"admin","lastUpdated":"2025-12-26T10:56:20.894+0000"},{"id":"7b7c50a9-e249-11f0-b852-7e0c15c48c67","name":"L3: Pre-Filing - Assess Insolvency Status and Options","version":1,"modelType":0,"description":"","stencilSetId":null,"createdBy":"admin","lastUpdatedBy":"admin","lastUpdated":"2025-12-26T10:56:11.683+0000"},{"id":"756e53c8-e249-11f0-b852-7e0c15c48c67","name":"L3: Filing - Assemble Filing Package","version":1,"modelType":0,"description":"","stencilSetId":null,"createdBy":"admin","lastUpdatedBy":"admin","lastUpdated":"2025-12-26T10:56:01.492+0000"},{"id":"6e6fb557-e249-11f0-b852-7e0c15c48c67","name":"L3: Closure - Archive and Close File","version":1,"modelType":0,"description":"","stencilSetId":null,"createdBy":"admin","lastUpdatedBy":"admin","lastUpdated":"2025-12-26T10:55:52.112+0000"}],"theme":"theme-1","icon":"glyphicon-asterisk"}}