{"id":"9772abc3-e2c3-11f0-8d98-924e707c1159","name":"Insolvency App","key":"insolvencyApp","description":"","editorJson":{"models":[{"id":"34355404-e2c5-11f0-8d98-924e707c1159","name":"L3: Bankruptcy - Debtor Discharge Administration","version":1,"modelType":0,"description":"","stencilSetId":null,"createdBy":"admin","lastUpdatedBy":"admin","lastUpdated":"2025-12-27T01:41:50.260+0000"},{"id":"976935e2-e2c3-11f0-8d98-924e707c1159","name":"L3: Closure - Final Reporting and Filings","version":1,"modelType":0,"description":"","stencilSetId":null,"createdBy":"admin","lastUpdatedBy":"admin","lastUpdated":"2025-12-27T01:30:13.520+0000"},{"id":"9767af41-e2c3-11f0-8d98-924e707c1159","name":"L3: Receivership - Receivership Initial Assessment","version":1,"modelType":0,"description":"","stencilSetId":null,"createdBy":"admin","lastUpdatedBy":"admin","lastUpdated":"2025-12-27T01:30:13.510+0000"},{"id":"9764c910-e2c3-11f0-8d98-924e707c1159","name":"L3: Pre-Filing - Collect Financial Information","version":1,"modelType":0,"description":"","stencilSetId":null,"createdBy":"admin","lastUpdatedBy":"admin","lastUpdated":"2025-12-27T01:30:13.489+0000"},{"id":"9761bbcf-e2c3-11f0-8d98-924e707c1159","name":"L3: Receivership - Receivership Dispute Resolution","version":1,"modelType":0,"description":"","stencilSetId":null,"createdBy":"admin","lastUpdatedBy":"admin","lastUpdated":"2025-12-27T01:30:13.468+0000"},{"id":"975e606e-e2c3-11f0-8d98-924e707c1159","name":"L2: Filing - Prepare and Submit Filing to OSB","version":1,"modelType":0,"description":"","stencilSetId":null,"createdBy":"admin","lastUpdatedBy":"admin","lastUpdated":"2025-12-27T01:30:13.446+0000"},{"id":"9757a9ad-e2c3-11f0-8d98-924e707c1159","name":"L3: Closure - Archive and Close File","version":1,"modelType":0,"description":"","stencilSetId":null,"createdBy":"admin","lastUpdatedBy":"admin","lastUpdated":"2025-12-27T01:30:13.404+0000"},{"id":"9755d4ec-e2c3-11f0-8d98-924e707c1159","name":"L3: Proposal - Proposal Voting/Dispute Resolution","version":1,"modelType":0,"description":"","stencilSetId":null,"createdBy":"admin","lastUpdatedBy":"admin","lastUpdated":"2025-12-27T01:30:13.393+0000"},{"id":"9754002b-e2c3-11f0-8d98-924e707c1159","name":"L3: Post-Filing - Bankruptcy Preliminary Report","version":1,"modelType":0,"description":"","stencilSetId":null,"createdBy":"admin","lastUpdatedBy":"admin","lastUpdated":"2025-12-27T01:30:13.380+0000"},{"id":"9751dd4a-e2c3-11f0-8d98-924e707c1159","name":"L3: Post-Filing - Meeting of Creditors","version":1,"modelType":0,"description":"","stencilSetId":null,"createdBy":"admin","lastUpdatedBy":"admin","lastUpdated":"2025-12-27T01:30:13.366+0000"},{"id":"974e5ad9-e2c3-11f0-8d98-924e707c1159","name":"L2: Bankruptcy - Bankruptcy Administration","version":1,"modelType":0,"description":"","stencilSetId":null,"createdBy":"admin","lastUpdatedBy":"admin","lastUpdated":"2025-12-27T01:30:13.331+0000"},{"id":"9747f238-e2c3-11f0-8d98-924e707c1159","name":"L1: Master Insolvency Case Process","version":1,"modelType":0,"description":"","stencilSetId":null,"createdBy":"admin","lastUpdatedBy":"admin","lastUpdated":"2025-12-27T01:30:13.298+0000"},{"id":"97455a27-e2c3-11f0-8d98-924e707c1159","name":"L3: Proposal - Trustee Administrative Release","version":1,"modelType":0,"description":"","stencilSetId":null,"createdBy":"admin","lastUpdatedBy":"admin","lastUpdated":"2025-12-27T01:30:13.280+0000"},{"id":"97429b06-e2c3-11f0-8d98-924e707c1159","name":"L3: Bankruptcy - Asset Realization","version":1,"modelType":0,"description":"","stencilSetId":null,"createdBy":"admin","lastUpdatedBy":"admin","lastUpdated":"2025-12-27T01:30:13.262+0000"},{"id":"973ef185-e2c3-11f0-8d98-924e707c1159","name":"L3: Bankruptcy - Discharge Dispute Resolution","version":1,"modelType":0,"description":"","stencilSetId":null,"createdBy":"admin","lastUpdatedBy":"admin","lastUpdated":"2025-12-27T01:30:13.242+0000"},{"id":"973c8084-e2c3-11f0-8d98-924e707c1159","name":"L3: Proposal - Proposal Default Remedy","version":1,"modelType":0,"description":"","stencilSetId":null,"createdBy":"admin","lastUpdatedBy":"admin","lastUpdated":"2025-12-27T01:30:13.227+0000"},{"id":"973a84b3-e2c3-11f0-8d98-924e707c1159","name":"L3: Receivership - Receivership Distributions and Trust Funds","version":1,"modelType":0,"description":"","stencilSetId":null,"createdBy":"admin","lastUpdatedBy":"admin","lastUpdated":"2025-12-27T01:30:13.212+0000"},{"id":"97379e82-e2c3-11f0-8d98-924e707c1159","name":"L3: Receivership - Receivership Material Adverse Change Response","version":1,"modelType":0,"description":"","stencilSetId":null,"createdBy":"admin","lastUpdatedBy":"admin","lastUpdated":"2025-12-27T01:30:13.192+0000"},{"id":"9734b851-e2c3-11f0-8d98-924e707c1159","name":"L3: Post-Filing - Issue Notice to Creditors","version":1,"modelType":0,"description":"","stencilSetId":null,"createdBy":"admin","lastUpdatedBy":"admin","lastUpdated":"2025-12-27T01:30:13.170+0000"},{"id":"9731d220-e2c3-11f0-8d98-924e707c1159","name":"L3: Filing - Assemble Filing Package","version":1,"modelType":0,"description":"","stencilSetId":null,"createdBy":"admin","lastUpdatedBy":"admin","lastUpdated":"2025-12-27T01:30:13.156+0000"},{"id":"972eebef-e2c3-11f0-8d98-924e707c1159","name":"L3: Pre-Filing - Assess Insolvency Status and Options","version":1,"modelType":0,"description":"","stencilSetId":null,"createdBy":"admin","lastUpdatedBy":"admin","lastUpdated":"2025-12-27T01:30:13.135+0000"},{"id":"972acd3e-e2c3-11f0-8d98-924e707c1159","name":"L3: Receivership - Receivership Secure and Protect Assets","version":1,"modelType":0,"description":"","stencilSetId":null,"createdBy":"admin","lastUpdatedBy":"admin","lastUpdated":"2025-12-27T01:30:13.110+0000"},{"id":"9728834d-e2c3-11f0-8d98-924e707c1159","name":"L3: Receivership - Receivership Court Order Compliance","version":1,"modelType":0,"description":"","stencilSetId":null,"createdBy":"admin","lastUpdatedBy":"admin","lastUpdated":"2025-12-27T01:30:13.092+0000"},{"id":"972527ec-e2c3-11f0-8d98-924e707c1159","name":"L2: Pre-Filing - Advisory Financial Assessment","version":1,"modelType":0,"description":"","stencilSetId":null,"createdBy":"admin","lastUpdatedBy":"admin","lastUpdated":"2025-12-27T01:30:13.072+0000"},{"id":"972241bb-e2c3-11f0-8d98-924e707c1159","name":"L3: Receivership - Receivership Reporting","version":1,"modelType":0,"description":"","stencilSetId":null,"createdBy":"admin","lastUpdatedBy":"admin","lastUpdated":"2025-12-27T01:30:13.048+0000"},{"id":"971e4a1a-e2c3-11f0-8d98-924e707c1159","name":"L3: Proposal - Proposal Administration","version":1,"modelType":0,"description":"","stencilSetId":null,"createdBy":"admin","lastUpdatedBy":"admin","lastUpdated":"2025-12-27T01:30:13.022+0000"},{"id":"97187db9-e2c3-11f0-8d98-924e707c1159","name":"L3: Bankruptcy - Bankruptcy File Closure","version":1,"modelType":0,"description":"","stencilSetId":null,"createdBy":"admin","lastUpdatedBy":"admin","lastUpdated":"2025-12-27T01:30:12.969+0000"},{"id":"97091468-e2c3-11f0-8d98-924e707c1159","name":"L3: Closure - Trust Funds Finalization","version":1,"modelType":0,"description":"","stencilSetId":null,"createdBy":"admin","lastUpdatedBy":"admin","lastUpdated":"2025-12-27T01:30:12.882+0000"},{"id":"970543d7-e2c3-11f0-8d98-924e707c1159","name":"L3: Receivership - Receivership Asset Realization","version":1,"modelType":0,"description":"","stencilSetId":null,"createdBy":"admin","lastUpdatedBy":"admin","lastUpdated":"2025-12-27T01:30:12.864+0000"},{"id":"96fdc9c5-e2c3-11f0-8d98-924e707c1159","name":"L3: Post-Filing - Secure Trustee’s Interest","version":1,"modelType":0,"description":"","stencilSetId":null,"createdBy":"admin","lastUpdatedBy":"admin","lastUpdated":"2025-12-27T01:30:12.807+0000"},{"id":"96f78834-e2c3-11f0-8d98-924e707c1159","name":"L3: Proposal - Proposal Completion and Compliance","version":1,"modelType":0,"description":"","stencilSetId":null,"createdBy":"admin","lastUpdatedBy":"admin","lastUpdated":"2025-12-27T01:30:12.767+0000"},{"id":"96f31b63-e2c3-11f0-8d98-924e707c1159","name":"L3: Post-Filing - Claims Validation","version":1,"modelType":0,"description":"","stencilSetId":null,"createdBy":"admin","lastUpdatedBy":"admin","lastUpdated":"2025-12-27T01:30:12.744+0000"},{"id":"96eba152-e2c3-11f0-8d98-924e707c1159","name":"L2: Proposal - Proposal Administration","version":1,"modelType":0,"description":"","stencilSetId":null,"createdBy":"admin","lastUpdatedBy":"admin","lastUpdated":"2025-12-27T01:30:12.659+0000"},{"id":"96e02fa1-e2c3-11f0-8d98-924e707c1159","name":"L2: Post-Filing - Post-Filing Administration (Common Core)","version":1,"modelType":0,"description":"","stencilSetId":null,"createdBy":"admin","lastUpdatedBy":"admin","lastUpdated":"2025-12-27T01:30:12.607+0000"},{"id":"96d6e0d0-e2c3-11f0-8d98-924e707c1159","name":"L3: Post-Filing - Asset Valuation & Strategy","version":1,"modelType":0,"description":"","stencilSetId":null,"createdBy":"admin","lastUpdatedBy":"admin","lastUpdated":"2025-12-27T01:30:12.557+0000"},{"id":"96d3103f-e2c3-11f0-8d98-924e707c1159","name":"L3: Closure - Late Matter Resolution","version":1,"modelType":0,"description":"","stencilSetId":null,"createdBy":"admin","lastUpdatedBy":"admin","lastUpdated":"2025-12-27T01:30:12.519+0000"},{"id":"96cbbd3e-e2c3-11f0-8d98-924e707c1159","name":"L3: Receivership - Receivership Realization Strategy","version":1,"modelType":0,"description":"","stencilSetId":null,"createdBy":"admin","lastUpdatedBy":"admin","lastUpdated":"2025-12-27T01:30:12.476+0000"},{"id":"96c2204d-e2c3-11f0-8d98-924e707c1159","name":"L3: Closure - Closure Readiness Checks","version":1,"modelType":0,"description":"","stencilSetId":null,"createdBy":"admin","lastUpdatedBy":"admin","lastUpdated":"2025-12-27T01:30:12.413+0000"},{"id":"96b8353c-e2c3-11f0-8d98-924e707c1159","name":"L2: Receivership - Receivership Administration","version":1,"modelType":0,"description":"","stencilSetId":null,"createdBy":"admin","lastUpdatedBy":"admin","lastUpdated":"2025-12-27T01:30:12.332+0000"},{"id":"96ae4a2b-e2c3-11f0-8d98-924e707c1159","name":"L3: Post-Filing - Proposal Report to Creditors","version":1,"modelType":0,"description":"","stencilSetId":null,"createdBy":"admin","lastUpdatedBy":"admin","lastUpdated":"2025-12-27T01:30:12.285+0000"},{"id":"96a60cca-e2c3-11f0-8d98-924e707c1159","name":"L2: Closure - Case Closure & Trustee Release","version":1,"modelType":0,"description":"","stencilSetId":null,"createdBy":"admin","lastUpdatedBy":"admin","lastUpdated":"2025-12-27T01:30:12.207+0000"},{"id":"96967c69-e2c3-11f0-8d98-924e707c1159","name":"L3: Bankruptcy - Trustee Administrative Completion","version":1,"modelType":0,"description":"","stencilSetId":null,"createdBy":"admin","lastUpdatedBy":"admin","lastUpdated":"2025-12-27T01:30:12.129+0000"},{"id":"968e3f08-e2c3-11f0-8d98-924e707c1159","name":"L3: Pre-Filing - Disclosures and Acknowledgements","version":1,"modelType":0,"description":"","stencilSetId":null,"createdBy":"admin","lastUpdatedBy":"admin","lastUpdated":"2025-12-27T01:30:12.072+0000"},{"id":"9686ec07-e2c3-11f0-8d98-924e707c1159","name":"L3: Proposal - Proposal Amendment","version":1,"modelType":0,"description":"","stencilSetId":null,"createdBy":"admin","lastUpdatedBy":"admin","lastUpdated":"2025-12-27T01:30:12.020+0000"},{"id":"967d9d36-e2c3-11f0-8d98-924e707c1159","name":"L3: Proposal - Proposal File Closure","version":1,"modelType":0,"description":"","stencilSetId":null,"createdBy":"admin","lastUpdatedBy":"admin","lastUpdated":"2025-12-27T01:30:11.862+0000"},{"id":"964d8c85-e2c3-11f0-8d98-924e707c1159","name":"L3: Pre-Filing - Insolvency Education and Options Overview","version":1,"modelType":0,"description":"","stencilSetId":null,"createdBy":"admin","lastUpdatedBy":"admin","lastUpdated":"2025-12-27T01:30:11.281+0000"}],"theme":"theme-1","icon":"glyphicon-asterisk"}}